ts,zone_id,label,current,peak
1758620689.8378572,1757952864805,Zone,3,7
1758620729.5837724,1757952864805,Zone,5,7
1758620734.5483167,1757952864805,Zone,6,7
1758620739.5763113,1757952864805,Zone,4,7
1758620744.5562544,1757952864805,Zone,2,7
1758620744.5562544,1758620742257,court,0,1
1758620749.5477004,1757952864805,Zone,3,7
1758620749.5477004,1758620742257,court,0,1
1758620754.5483727,1757952864805,Zone,3,7
1758620754.5483727,1758620742257,court,0,1
1758620759.5486073,1757952864805,Zone,3,7
1758620759.5486073,1758620742257,court,0,1
1758620764.548775,1757952864805,Zone,3,7
1758620764.548775,1758620742257,court,0,1
1758620769.5500631,1757952864805,Zone,3,7
1758620769.5500631,1758620742257,court,0,1
1758620774.5505846,1757952864805,Zone,3,7
1758620774.5505846,1758620742257,court,0,1
1758620789.551442,1757952864805,Zone,3,7
1758620789.551442,1758620742257,court,0,1
1758620794.5476482,1757952864805,Zone,3,7
1758620794.5476482,1758620742257,court,0,1
1758620799.5479162,1757952864805,Zone,3,7
1758620799.5479162,1758620742257,court,0,1
1758620804.5475008,1757952864805,Zone,3,7
1758620804.5475008,1758620742257,court,0,1
1758620809.5486236,1757952864805,Zone,3,7
1758620809.5486236,1758620742257,court,0,1
1758620814.5489535,1757952864805,Zone,3,7
1758620814.5489535,1758620742257,court,0,1
1758620819.550539,1757952864805,Zone,3,7
1758620819.550539,1758620742257,court,0,1
1758620824.5492146,1757952864805,Zone,3,7
1758620824.5492146,1758620742257,court,0,1
1758620829.5494432,1757952864805,Zone,3,7
1758620829.5494432,1758620742257,court,0,1
1758620834.5490127,1757952864805,Zone,3,7
1758620834.5490127,1758620742257,court,0,1
1758620839.549013,1757952864805,Zone,3,7
1758620839.549013,1758620742257,court,0,1
1758620844.547988,1757952864805,Zone,3,7
1758620844.547988,1758620742257,court,0,1
1758620849.5490532,1757952864805,Zone,3,7
1758620849.5490532,1758620742257,court,0,1
1758620854.5468662,1757952864805,Zone,3,7
1758620854.5468662,1758620742257,court,0,1
1758620859.5530164,1757952864805,Zone,3,7
1758620859.5530164,1758620742257,court,0,1
1758620864.5501928,1757952864805,Zone,3,7
1758620864.5501928,1758620742257,court,0,1
1758620869.5488195,1757952864805,Zone,3,7
1758620869.5488195,1758620742257,court,0,1
1758620874.5481615,1757952864805,Zone,3,7
1758620874.5481615,1758620742257,court,0,1
1758620879.5485947,1757952864805,Zone,3,7
1758620879.5485947,1758620742257,court,0,1
1758620884.5483024,1757952864805,Zone,3,7
1758620884.5483024,1758620742257,court,0,1
1758620889.5489018,1757952864805,Zone,3,7
1758620889.5489018,1758620742257,court,0,1
1758620894.5469584,1757952864805,Zone,3,7
1758620894.5469584,1758620742257,court,0,1
1758620899.5473478,1757952864805,Zone,3,7
1758620899.5473478,1758620742257,court,0,1
1758620904.5490217,1757952864805,Zone,3,7
1758620904.5490217,1758620742257,court,0,1
1758620909.553129,1757952864805,Zone,3,7
1758620909.553129,1758620742257,court,0,1
1758620914.5499747,1757952864805,Zone,3,7
1758620914.5499747,1758620742257,court,0,1
1758620919.5506465,1757952864805,Zone,3,7
1758620919.5506465,1758620742257,court,0,1
1758620924.7193363,1757952864805,Zone,3,7
1758620924.7193363,1758620742257,court,0,1
1758620929.7190945,1757952864805,Zone,3,7
1758620929.7190945,1758620742257,court,0,1
1758620934.7075734,1757952864805,Zone,3,7
1758620934.7075734,1758620742257,court,0,1
1758620939.7112284,1757952864805,Zone,3,7
1758620939.7112284,1758620742257,court,0,1
1758620944.721489,1757952864805,Zone,3,7
1758620944.721489,1758620742257,court,0,1
1758620949.7210836,1757952864805,Zone,3,7
1758620949.7210836,1758620742257,court,0,1
1758620954.7113044,1757952864805,Zone,3,7
1758620954.7113044,1758620742257,court,0,1
1758620959.7133198,1757952864805,Zone,3,7
1758620959.7133198,1758620742257,court,0,1
1758620964.709971,1757952864805,Zone,3,7
1758620964.709971,1758620742257,court,0,1
1758620969.7083566,1757952864805,Zone,3,7
1758620969.7083566,1758620742257,court,0,1
1758620974.7074873,1757952864805,Zone,3,7
1758620974.7074873,1758620742257,court,0,1
1758620979.7145884,1757952864805,Zone,3,7
1758620979.7145884,1758620742257,court,0,1
1758621040.5557237,1757952864805,Zone,3,7
1758621045.4948988,1757952864805,Zone,4,7
1758621050.5263896,1757952864805,Zone,6,7
1758621055.4914227,1757952864805,Zone,5,7
1758621060.5213897,1757952864805,Zone,2,7
1758621065.4868076,1757952864805,Zone,4,7
1758621070.4872947,1757952864805,Zone,4,7
1758621075.489959,1757952864805,Zone,4,7
1758621080.4928508,1757952864805,Zone,4,7
1758621085.4864,1757952864805,Zone,4,7
1758621090.5002263,1757952864805,Zone,4,7
1758621095.7187848,1757952864805,Zone,4,7
1758621100.7155259,1757952864805,Zone,4,7
1758621105.716774,1757952864805,Zone,4,7
1758621110.706774,1757952864805,Zone,4,7
1758621115.7228088,1757952864805,Zone,4,7
1758621120.7121892,1757952864805,Zone,4,7
1758621125.7118843,1757952864805,Zone,4,7
1758621156.711829,1757952864805,Zone,4,7
1758621216.7123535,1757952864805,Zone,4,7
1758621276.7169755,1757952864805,Zone,4,7
1758621304.1168666,1757952864805,Zone,4,7
1758621305.4853346,1757952864805,Zone,4,7
1758621318.6103728,1757952864805,Zone,3,5
1758621323.6523094,1757952864805,Zone,1,5
1758621328.6024184,1757952864805,Zone,1,5
1758621333.639836,1757952864805,Zone,1,5
1758621338.6077306,1757952864805,Zone,3,5
1758621343.6291323,1757952864805,Zone,1,5
1758621348.5976932,1757952864805,Zone,1,5
1758621353.6040654,1757952864805,Zone,1,5
1758621358.5993605,1757952864805,Zone,1,5
1758621363.6025612,1757952864805,Zone,1,5
1758621368.5989146,1757952864805,Zone,1,5
1758621373.6002414,1757952864805,Zone,1,5
1758621378.5989149,1757952864805,Zone,1,5
1758621383.5984032,1757952864805,Zone,1,5
1758621388.5986643,1757952864805,Zone,1,5
1758621393.5976179,1757952864805,Zone,1,5
1758621398.5982203,1757952864805,Zone,1,5
1758621403.5975282,1757952864805,Zone,1,5
1758621408.6034076,1757952864805,Zone,1,5
1758621413.5984013,1757952864805,Zone,1,5
1758621418.5997245,1757952864805,Zone,1,5
1758621423.5982914,1757952864805,Zone,1,5
1758621428.5999923,1757952864805,Zone,1,5
1758621433.5994446,1757952864805,Zone,1,5
1758621438.598354,1757952864805,Zone,1,5
1758621443.5975556,1757952864805,Zone,1,5
1758621448.598624,1757952864805,Zone,1,5
1758621453.5975466,1757952864805,Zone,1,5
1758621458.602867,1757952864805,Zone,1,5
1758621463.597649,1757952864805,Zone,1,5
1758621468.601077,1757952864805,Zone,1,5
1758621473.6000624,1757952864805,Zone,1,5
1758621478.6002097,1757952864805,Zone,1,5
1758621483.5977137,1757952864805,Zone,1,5
1758621488.598328,1757952864805,Zone,1,5
1758621493.599197,1757952864805,Zone,1,5
1758621498.5980585,1757952864805,Zone,1,5
1758621503.5989566,1757952864805,Zone,1,5
1758621508.5981793,1757952864805,Zone,1,5
1758621513.600053,1757952864805,Zone,1,5
1758621518.602217,1757952864805,Zone,1,5
1758621523.6012588,1757952864805,Zone,1,5
1758621528.601121,1757952864805,Zone,1,5
1758621533.5989614,1757952864805,Zone,1,5
1758621538.60035,1757952864805,Zone,1,5
1758621543.5991616,1757952864805,Zone,1,5
1758621548.5973854,1757952864805,Zone,1,5
1758621583.0480042,1757952864805,Zone,3,5
1758621588.0275583,1757952864805,Zone,1,5
1758621593.0150156,1757952864805,Zone,1,5
1758621598.0146263,1757952864805,Zone,1,5
1758621603.014106,1757952864805,Zone,1,5
1758621608.0109332,1757952864805,Zone,1,5
1758621613.0117347,1757952864805,Zone,1,5
1758621618.011233,1757952864805,Zone,1,5
1758621623.010658,1757952864805,Zone,1,5
1758621628.0105555,1757952864805,Zone,1,5
1758621633.0160184,1757952864805,Zone,1,5
1758621638.0114803,1757952864805,Zone,1,5
1758621643.0111163,1757952864805,Zone,1,5
1758621648.0149388,1757952864805,Zone,1,5
1758621653.0107691,1757952864805,Zone,1,5
1758621658.0128295,1757952864805,Zone,1,5
1758621663.013009,1757952864805,Zone,1,5
1758621668.011776,1757952864805,Zone,1,5
1758621673.0118034,1757952864805,Zone,1,5
1758621678.0109143,1757952864805,Zone,1,5
1758621683.0163307,1757952864805,Zone,1,5
1758621688.0109346,1757952864805,Zone,1,5
1758621693.009554,1757952864805,Zone,1,5
1758621698.0121415,1757952864805,Zone,1,5
1758621703.0133438,1757952864805,Zone,1,5
1758621708.0134933,1757952864805,Zone,1,5
1758621713.0124862,1757952864805,Zone,1,5
1758621718.012334,1757952864805,Zone,1,5
1758621723.011472,1757952864805,Zone,1,5
1758621728.011237,1757952864805,Zone,1,5
1758621733.0160747,1757952864805,Zone,1,5
1758621738.0108876,1757952864805,Zone,1,5
1758621743.0163603,1757952864805,Zone,1,5
1758621748.015836,1757952864805,Zone,1,5
1758621753.0141153,1757952864805,Zone,1,5
1758621758.0117466,1757952864805,Zone,1,5
1758621763.0137374,1757952864805,Zone,1,5
1758621768.0118933,1757952864805,Zone,1,5
1758621773.01305,1757952864805,Zone,1,5
1758621848.106882,1757952864805,Zone,2,4
1758621853.1088088,1757952864805,Zone,1,5
1758621858.071958,1757952864805,Zone,1,5
1758621863.063175,1757952864805,Zone,3,5
1758621868.134176,1757952864805,Zone,4,5
1758621873.0947711,1757952864805,Zone,1,5
1758621878.0661883,1757952864805,Zone,1,5
1758621883.0624506,1757952864805,Zone,1,5
1758621888.064917,1757952864805,Zone,1,5
1758621893.0638225,1757952864805,Zone,1,5
1758621898.0624838,1757952864805,Zone,1,5
1758621903.0626554,1757952864805,Zone,1,5
1758621908.0619884,1757952864805,Zone,1,5
1758621913.0619383,1757952864805,Zone,1,5
1758621918.065504,1757952864805,Zone,1,5
1758621923.0668046,1757952864805,Zone,1,5
1758621928.0638938,1757952864805,Zone,1,5
1758621933.0632586,1757952864805,Zone,1,5
1758621938.0626404,1757952864805,Zone,1,5
1758621943.0647228,1757952864805,Zone,1,5
1758621948.0619063,1757952864805,Zone,1,5
1758621953.062889,1757952864805,Zone,1,5
1758621958.0629013,1757952864805,Zone,1,5
1758621963.063085,1757952864805,Zone,1,5
1758621968.0676758,1757952864805,Zone,1,5
1758621973.0629222,1757952864805,Zone,1,5
1758621978.0619786,1757952864805,Zone,1,5
1758621983.0620096,1757952864805,Zone,1,5
1758621988.0637734,1757952864805,Zone,1,5
1758621993.0650127,1757952864805,Zone,1,5
1758621998.0650067,1757952864805,Zone,1,5
1758622003.0620332,1757952864805,Zone,1,5
1758622008.0628033,1757952864805,Zone,1,5
1758622013.0627055,1757952864805,Zone,1,5
1758622018.0619667,1757952864805,Zone,1,5
1758622023.0621753,1757952864805,Zone,1,5
1758622028.0671465,1757952864805,Zone,1,5
1758622033.0621932,1757952864805,Zone,1,5
1758622038.0648024,1757952864805,Zone,1,5
1758622043.0617883,1757952864805,Zone,1,5
1758622048.0631652,1757952864805,Zone,1,5
1758622053.0638034,1757952864805,Zone,1,5
1758622058.06386,1757952864805,Zone,1,5
1758622063.0623195,1757952864805,Zone,1,5
1758622068.0633411,1757952864805,Zone,1,5
1758622073.0620182,1757952864805,Zone,1,5
1758622078.0683637,1757952864805,Zone,1,5
1758622083.0676064,1757952864805,Zone,1,5
1758622088.0663571,1757952864805,Zone,1,5
1758622093.0660486,1757952864805,Zone,1,5
1758622098.0634892,1757952864805,Zone,1,5
1758622103.062262,1757952864805,Zone,1,5
1758622108.062171,1757952864805,Zone,1,5
1758622113.063076,1757952864805,Zone,1,5
1758622118.0625002,1757952864805,Zone,1,5
1758622123.062002,1757952864805,Zone,1,5
1758622129.3607469,1757952864805,Zone,2,3
1758622134.327992,1757952864805,Zone,3,4
1758622139.3006759,1757952864805,Zone,2,5
1758622144.3015132,1757952864805,Zone,1,5
1758622149.3020713,1757952864805,Zone,2,5
1758622154.3121796,1757952864805,Zone,3,5
1758622159.3346655,1757952864805,Zone,2,5
1758622164.353022,1757952864805,Zone,4,5
1758622169.341545,1757952864805,Zone,1,5
1758622174.2998598,1757952864805,Zone,1,5
1758622179.2995968,1757952864805,Zone,1,5
1758622184.2991738,1757952864805,Zone,1,5
1758622189.302305,1757952864805,Zone,1,5
1758622194.2998884,1757952864805,Zone,1,5
1758622199.3016458,1757952864805,Zone,1,5
1758622204.3003466,1757952864805,Zone,1,5
1758622209.2989466,1757952864805,Zone,1,5
1758622214.2977595,1757952864805,Zone,1,5
1758622219.2992966,1757952864805,Zone,1,5
1758622224.3045015,1757952864805,Zone,1,5
1758622229.303172,1757952864805,Zone,1,5
1758622234.298193,1757952864805,Zone,1,5
1758622239.2981846,1757952864805,Zone,1,5
1758622244.3019626,1757952864805,Zone,1,5
1758622249.2999513,1757952864805,Zone,1,5
1758622254.2993124,1757952864805,Zone,1,5
1758622259.2993891,1757952864805,Zone,1,5
1758622264.2989225,1757952864805,Zone,1,5
1758622269.2997386,1757952864805,Zone,1,5
1758622278.8365035,1757952864805,Zone,2,3
1758622283.8499336,1757952864805,Zone,1,5
1758622288.8444915,1757952864805,Zone,1,5
1758622293.8078775,1757952864805,Zone,1,5
1758622298.8064349,1757952864805,Zone,1,5
1758622303.8074868,1757952864805,Zone,1,5
1758622308.8073273,1757952864805,Zone,1,5
1758622313.810318,1757952864805,Zone,1,5
1758622318.806267,1757952864805,Zone,1,5
1758622323.8122761,1757952864805,Zone,1,5
1758622328.8108263,1757952864805,Zone,1,5
1758622333.808952,1757952864805,Zone,1,5
1758622338.8076615,1757952864805,Zone,1,5
1758622343.808216,1757952864805,Zone,1,5
1758622348.807164,1757952864805,Zone,1,5
1758622353.8066905,1757952864805,Zone,1,5
1758622358.8074074,1757952864805,Zone,1,5
1758622363.811258,1757952864805,Zone,1,5
1758622368.8095188,1757952864805,Zone,1,5
1758622373.8110697,1757952864805,Zone,1,5
1758622378.8095522,1757952864805,Zone,1,5
1758622383.8082128,1757952864805,Zone,1,5
1758622388.8081734,1757952864805,Zone,1,5
1758622393.8090284,1757952864805,Zone,1,5
1758622398.8081818,1757952864805,Zone,1,5
1758622403.8071687,1757952864805,Zone,1,5
1758622408.8099306,1757952864805,Zone,1,5
1758622413.8139727,1757952864805,Zone,1,5
1758622418.8085618,1757952864805,Zone,1,5
1758622423.8090193,1757952864805,Zone,1,5
1758622428.8114986,1757952864805,Zone,1,5
1758622433.808642,1757952864805,Zone,1,5
1758622438.8094914,1757952864805,Zone,1,5
1758622443.8101115,1757952864805,Zone,1,5
1758622449.7208164,1757952864805,Zone,1,5
1758622454.7159958,1757952864805,Zone,1,5
1758622459.7138793,1757952864805,Zone,1,5
1758622464.715419,1757952864805,Zone,1,5
1758622469.7201774,1757952864805,Zone,1,5
1758622474.7160895,1757952864805,Zone,1,5
1758622479.720989,1757952864805,Zone,1,5
1758622484.7182114,1757952864805,Zone,1,5
1758622489.7167268,1757952864805,Zone,1,5
1758622494.7088125,1757952864805,Zone,1,5
1758622499.7152874,1757952864805,Zone,1,5
1758622504.7203398,1757952864805,Zone,1,5
1758622536.7169142,1757952864805,Zone,1,5
1758622596.7210734,1757952864805,Zone,1,5
1758622656.713725,1757952864805,Zone,1,5
1758622716.7122955,1757952864805,Zone,1,5
1758622776.7102315,1757952864805,Zone,1,5
1758622832.1450272,1757952864805,Zone,1,5
1758622833.80795,1757952864805,Zone,1,5
1758622838.810368,1757952864805,Zone,1,5
1758622861.5281658,1757952864805,Zone,2,3
1758622866.489536,1757952864805,Zone,4,5
1758622871.5116398,1757952864805,Zone,2,5
1758622876.474256,1757952864805,Zone,1,5
1758622881.468577,1757952864805,Zone,1,5
1758622886.4695425,1757952864805,Zone,1,5
1758622891.469284,1757952864805,Zone,1,5
1758622896.4678755,1757952864805,Zone,1,5
1758622901.468538,1757952864805,Zone,1,5
1758622906.4757178,1757952864805,Zone,1,5
1758622911.4747722,1757952864805,Zone,1,5
1758622916.470057,1757952864805,Zone,1,5
1758622921.4700015,1757952864805,Zone,1,5
1758622926.4699886,1757952864805,Zone,1,5
1758622931.4709432,1757952864805,Zone,1,5
1758622936.4700592,1757952864805,Zone,1,5
1758622941.4702973,1757952864805,Zone,1,5
1758622946.468976,1757952864805,Zone,1,5
1758622951.4690797,1757952864805,Zone,1,5
1758622956.468542,1757952864805,Zone,1,5
1758622961.4683268,1757952864805,Zone,1,5
1758622966.4724264,1757952864805,Zone,1,5
1758622971.4738374,1757952864805,Zone,1,5
1758622976.4721677,1757952864805,Zone,1,5
1758622981.4708288,1757952864805,Zone,1,5
1758622986.4693613,1757952864805,Zone,1,5
1758623060.2037802,1757952864805,Zone,2,3
1758623061.779336,1757952864805,Zone,2,3
1758623066.7783434,1757952864805,Zone,2,3
1758623071.778661,1757952864805,Zone,2,3
1758623076.777311,1757952864805,Zone,2,3
1758623081.7779865,1757952864805,Zone,2,3
1758623086.7836664,1757952864805,Zone,2,3
1758623091.7806728,1757952864805,Zone,2,3
1758623096.7809951,1757952864805,Zone,2,3
1758623101.7813861,1757952864805,Zone,2,3
1758623106.7802312,1757952864805,Zone,2,3
1758623111.7794907,1757952864805,Zone,2,3
1758623116.7809103,1757952864805,Zone,2,3
1758623121.7791414,1757952864805,Zone,2,3
1758623126.7785904,1757952864805,Zone,2,3
1758623131.777942,1757952864805,Zone,2,3
1758623136.7788754,1757952864805,Zone,2,3
1758623141.7780972,1757952864805,Zone,2,3
1758623146.777347,1757952864805,Zone,2,3
1758623151.781226,1757952864805,Zone,2,3
1758623156.7783418,1757952864805,Zone,2,3
1758623177.8027902,1757952864805,Zone,2,4
1758623182.7328305,1757952864805,Zone,1,5
1759862123.635246,1757952864805,Zone,5,5
1759862123.635246,1759862119821,Zone,0,0
1759862123.635246,1759862119845,Zone,0,0
1759862128.633505,1757952864805,Zone,5,7
1759862128.633505,1759862119821,Zone,0,0
1759862128.633505,1759862119845,Zone,0,0
1759862133.660402,1757952864805,Zone,3,7
1759862133.660402,1759862119821,Zone,0,0
1759862133.660402,1759862119845,Zone,0,0
1759862138.6351156,1757952864805,Zone,4,7
1759862138.6351156,1759862119821,Zone,0,0
1759862138.6351156,1759862119845,Zone,0,0
1759862138.6351156,1759862134358,1,4,5
1759862143.632862,1757952864805,Zone,4,7
1759862143.632862,1759862119821,Zone,0,0
1759862143.632862,1759862119845,Zone,0,0
1759862143.632862,1759862134358,1,4,5
1759862148.6331384,1757952864805,Zone,4,7
1759862148.6331384,1759862119821,Zone,0,0
1759862148.6331384,1759862119845,Zone,0,0
1759862148.6331384,1759862134358,1,4,5
1759862153.6309326,1757952864805,Zone,4,7
1759862153.6309326,1759862119821,Zone,0,0
1759862153.6309326,1759862119845,Zone,0,0
1759862153.6309326,1759862134358,1,4,5
1759862158.6378624,1757952864805,Zone,4,7
1759862158.6378624,1759862119821,Zone,0,0
1759862158.6378624,1759862119845,Zone,0,0
1759862158.6378624,1759862134358,1,4,5
1759862163.6727605,1757952864805,Zone,4,7
1759862163.6727605,1759862119821,Zone,0,0
1759862163.6727605,1759862119845,Zone,0,0
1759862163.6727605,1759862134358,1,4,6
1759862163.6727605,1759862142501,1,0,0
1759862163.6727605,1759862144251,1,4,5
1759862163.6727605,1759862148738,4,0,0
1759862168.736724,1757952864805,Zone,4,7
1759862168.736724,1759862119821,Zone,0,0
1759862168.736724,1759862119845,Zone,0,0
1759862168.736724,1759862134358,1,4,7
1759862168.736724,1759862142501,1,0,0
1759862168.736724,1759862144251,1,6,6
1759862168.736724,1759862148738,4,0,0
1759862173.636791,1757952864805,Zone,4,7
1759862173.636791,1759862119821,Zone,0,0
1759862173.636791,1759862119845,Zone,0,0
1759862173.636791,1759862134358,1,5,7
1759862173.636791,1759862142501,1,0,0
1759862173.636791,1759862144251,1,8,9
1759862173.636791,1759862148738,4,0,0
1759862178.7772834,1757952864805,Zone,4,7
1759862178.7772834,1759862119821,Zone,0,0
1759862178.7772834,1759862119845,Zone,0,0
1759862178.7772834,1759862134358,1,6,7
1759862178.7772834,1759862142501,1,0,0
1759862178.7772834,1759862144251,1,5,9
1759862178.7772834,1759862148738,4,0,0
1759862183.6637914,1757952864805,Zone,4,7
1759862183.6637914,1759862119821,Zone,0,0
1759862183.6637914,1759862119845,Zone,0,0
1759862183.6637914,1759862134358,1,2,7
1759862183.6637914,1759862142501,1,0,0
1759862183.6637914,1759862144251,1,5,9
1759862183.6637914,1759862148738,4,0,0
1759862188.6310759,1757952864805,Zone,4,7
1759862188.6310759,1759862119821,Zone,0,0
1759862188.6310759,1759862119845,Zone,0,0
1759862188.6310759,1759862134358,1,4,7
1759862188.6310759,1759862142501,1,0,0
1759862188.6310759,1759862144251,1,4,9
1759862188.6310759,1759862148738,4,0,0
1759862193.6403766,1757952864805,Zone,4,7
1759862193.6403766,1759862119821,Zone,0,0
1759862193.6403766,1759862119845,Zone,0,0
1759862193.6403766,1759862134358,1,4,7
1759862193.6403766,1759862142501,1,0,0
1759862193.6403766,1759862144251,1,4,9
1759862193.6403766,1759862148738,4,0,0
1759862198.6321526,1757952864805,Zone,4,7
1759862198.6321526,1759862119821,Zone,0,0
1759862198.6321526,1759862119845,Zone,0,0
1759862198.6321526,1759862134358,1,4,7
1759862198.6321526,1759862142501,1,0,0
1759862198.6321526,1759862144251,1,4,9
1759862198.6321526,1759862148738,4,0,0
1759862203.6304338,1757952864805,Zone,4,7
1759862203.6304338,1759862119821,Zone,0,0
1759862203.6304338,1759862119845,Zone,0,0
1759862203.6304338,1759862134358,1,4,7
1759862203.6304338,1759862142501,1,0,0
1759862203.6304338,1759862144251,1,4,9
1759862203.6304338,1759862148738,4,0,0
1759862208.631332,1757952864805,Zone,4,7
1759862208.631332,1759862119821,Zone,0,0
1759862208.631332,1759862119845,Zone,0,0
1759862208.631332,1759862134358,1,4,7
1759862208.631332,1759862142501,1,0,0
1759862208.631332,1759862144251,1,4,9
1759862208.631332,1759862148738,4,0,0
1759862213.6316946,1757952864805,Zone,4,7
1759862213.6316946,1759862119821,Zone,0,0
1759862213.6316946,1759862119845,Zone,0,0
1759862213.6316946,1759862134358,1,4,7
1759862213.6316946,1759862142501,1,0,0
1759862213.6316946,1759862144251,1,4,9
1759862213.6316946,1759862148738,4,0,0
1759862218.6441593,1757952864805,Zone,4,7
1759862218.6441593,1759862119821,Zone,0,0
1759862218.6441593,1759862119845,Zone,0,0
1759862218.6441593,1759862134358,1,4,7
1759862218.6441593,1759862142501,1,0,0
1759862218.6441593,1759862144251,1,4,9
1759862218.6441593,1759862148738,4,0,0
1759862218.6441593,1759862199579,1,3,4
1759862218.6441593,1759862204690,2,7,8
1759862223.6836503,1757952864805,Zone,4,7
1759862223.6836503,1759862119821,Zone,0,0
1759862223.6836503,1759862119845,Zone,0,0
1759862223.6836503,1759862134358,1,4,7
1759862223.6836503,1759862142501,1,0,0
1759862223.6836503,1759862144251,1,4,9
1759862223.6836503,1759862148738,4,0,0
1759862223.6836503,1759862199579,1,3,4
1759862223.6836503,1759862204690,2,8,9
1759862228.636197,1757952864805,Zone,4,7
1759862228.636197,1759862119821,Zone,0,0
1759862228.636197,1759862119845,Zone,0,0
1759862228.636197,1759862134358,1,4,7
1759862228.636197,1759862142501,1,0,0
1759862228.636197,1759862144251,1,4,9
1759862228.636197,1759862148738,4,0,0
1759862228.636197,1759862199579,1,3,5
1759862228.636197,1759862204690,2,10,10
1759862233.6435297,1757952864805,Zone,4,7
1759862233.6435297,1759862119821,Zone,0,0
1759862233.6435297,1759862119845,Zone,0,0
1759862233.6435297,1759862134358,1,4,7
1759862233.6435297,1759862142501,1,0,0
1759862233.6435297,1759862144251,1,4,9
1759862233.6435297,1759862148738,4,0,0
1759862233.6435297,1759862199579,1,1,5
1759862233.6435297,1759862204690,2,7,10
1759862248.5217304,1757952864805,Zone,4,7
1759862248.5217304,1759862119821,Zone,0,0
1759862248.5217304,1759862119845,Zone,0,0
1759862248.5217304,1759862134358,1,4,7
1759862248.5217304,1759862142501,1,0,0
1759862248.5217304,1759862144251,1,4,9
1759862248.5217304,1759862148738,4,0,0
1759862248.5217304,1759862199579,1,2,5
1759862248.5217304,1759862204690,2,5,10
1759862253.6410255,1757952864805,Zone,4,7
1759862253.6410255,1759862119821,Zone,0,0
1759862253.6410255,1759862119845,Zone,0,0
1759862253.6410255,1759862134358,1,4,7
1759862253.6410255,1759862142501,1,0,0
1759862253.6410255,1759862144251,1,4,9
1759862253.6410255,1759862148738,4,0,0
1759862253.6410255,1759862199579,1,2,5
1759862253.6410255,1759862204690,2,5,10
1759862258.6410758,1757952864805,Zone,4,7
1759862258.6410758,1759862119821,Zone,0,0
1759862258.6410758,1759862119845,Zone,0,0
1759862258.6410758,1759862134358,1,4,7
1759862258.6410758,1759862142501,1,0,0
1759862258.6410758,1759862144251,1,4,9
1759862258.6410758,1759862148738,4,0,0
1759862258.6410758,1759862199579,1,2,5
1759862258.6410758,1759862204690,2,5,10
1759862263.634099,1757952864805,Zone,4,7
1759862263.634099,1759862119821,Zone,0,0
1759862263.634099,1759862119845,Zone,0,0
1759862263.634099,1759862134358,1,4,7
1759862263.634099,1759862142501,1,0,0
1759862263.634099,1759862144251,1,4,9
1759862263.634099,1759862148738,4,0,0
1759862263.634099,1759862199579,1,2,5
1759862263.634099,1759862204690,2,5,10
1759862268.628665,1757952864805,Zone,4,7
1759862268.628665,1759862119821,Zone,0,0
1759862268.628665,1759862119845,Zone,0,0
1759862268.628665,1759862134358,1,4,7
1759862268.628665,1759862142501,1,0,0
1759862268.628665,1759862144251,1,4,9
1759862268.628665,1759862148738,4,0,0
1759862268.628665,1759862199579,1,2,5
1759862268.628665,1759862204690,2,5,10
1759862273.6299725,1757952864805,Zone,4,7
1759862273.6299725,1759862119821,Zone,0,0
1759862273.6299725,1759862119845,Zone,0,0
1759862273.6299725,1759862134358,1,4,7
1759862273.6299725,1759862142501,1,0,0
1759862273.6299725,1759862144251,1,4,9
1759862273.6299725,1759862148738,4,0,0
1759862273.6299725,1759862199579,1,2,5
1759862273.6299725,1759862204690,2,5,10
1759866947.6809897,1759862199579,1,0,4
1759866947.6809897,1759862204690,2,7,8
1759866952.7208982,1759862199579,1,4,6
1759866952.7208982,1759862204690,2,9,9
1759866962.3503692,1759862199579,1,1,4
1759866962.3503692,1759862204690,2,7,8
1759866967.2325802,1759862199579,1,3,4
1759866967.2325802,1759862204690,2,7,8
1759866972.2408426,1759862199579,1,3,4
1759866972.2408426,1759862204690,2,9,10
1759866977.2367926,1759862199579,1,3,4
1759866977.2367926,1759862204690,2,9,10
1759866982.2441664,1759862199579,1,3,4
1759866982.2441664,1759862204690,2,9,10
1759866987.2365763,1759862199579,1,3,4
1759866987.2365763,1759862204690,2,9,10
1759866992.2325885,1759862199579,1,3,4
1759866992.2325885,1759862204690,2,9,10
1759866997.2391243,1759862199579,1,3,4
1759866997.2391243,1759862204690,2,9,10
1759867002.2365968,1759862199579,1,3,4
1759867002.2365968,1759862204690,2,9,10
1759867007.231584,1759862199579,1,3,4
1759867007.231584,1759862204690,2,9,10
1759867012.2369843,1759862199579,1,3,4
1759867012.2369843,1759862204690,2,9,10
1759867017.6903975,1759862199579,1,3,4
1759867017.6903975,1759862204690,2,9,10
1759867022.6772373,1759862199579,1,3,4
1759867022.6772373,1759862204690,2,9,10
1759867027.230083,1759862199579,1,3,4
1759867027.230083,1759862204690,2,9,10
1759867032.243152,1759862199579,1,3,4
1759867032.243152,1759862204690,2,9,10
1759867037.2321904,1759862199579,1,3,4
1759867037.2321904,1759862204690,2,9,10
1759867042.236981,1759862199579,1,3,4
1759867042.236981,1759862204690,2,9,10
1759867047.2328515,1759862199579,1,3,4
1759867047.2328515,1759862204690,2,9,10
1759867052.229919,1759862199579,1,3,4
1759867052.229919,1759862204690,2,9,10
1759867067.2815554,1759862199579,1,1,4
1759867067.2815554,1759862204690,2,8,8
1759867072.2835584,1759862199579,1,3,6
1759867072.2835584,1759862204690,2,6,9
1759867077.230966,1759862199579,1,2,6
1759867077.230966,1759862204690,2,9,10
1759867082.275954,1759862199579,1,1,6
1759867082.275954,1759862204690,2,8,10
1759867087.2346902,1759862199579,1,3,6
1759867087.2346902,1759862204690,2,5,10
1759867092.2371957,1759862199579,1,2,6
1759867092.2371957,1759862204690,2,5,10
1759867097.2463782,1759862199579,1,2,6
1759867097.2463782,1759862204690,2,5,10
1759867102.2318654,1759862199579,1,2,6
1759867102.2318654,1759862204690,2,5,10
1759867107.2290032,1759862199579,1,2,6
1759867107.2290032,1759862204690,2,5,10
1759867112.2377403,1759862199579,1,2,6
1759867112.2377403,1759862204690,2,5,10
1759867117.2378,1759862199579,1,2,6
1759867117.2378,1759862204690,2,5,10
1759867122.2369792,1759862199579,1,2,6
1759867122.2369792,1759862204690,2,5,10
1759867127.235635,1759862199579,1,2,6
1759867127.235635,1759862204690,2,5,10
1759867132.234511,1759862199579,1,2,6
1759867132.234511,1759862204690,2,5,10
1759867137.2468476,1759862199579,1,2,6
1759867137.2468476,1759862204690,2,5,10
1759867142.2358875,1759862199579,1,2,6
1759867142.2358875,1759862204690,2,5,10
1759867147.2326615,1759862199579,1,2,6
1759867147.2326615,1759862204690,2,5,10
1759867152.2298374,1759862199579,1,2,6
1759867152.2298374,1759862204690,2,5,10
1759867157.237179,1759862199579,1,2,6
1759867157.237179,1759862204690,2,5,10
1759867162.235513,1759862199579,1,2,6
1759867162.235513,1759862204690,2,5,10
1759867167.2330613,1759862199579,1,2,6
1759867167.2330613,1759862204690,2,5,10
1759867172.2432122,1759862199579,1,2,6
1759867172.2432122,1759862204690,2,5,10
1759867177.2417798,1759862199579,1,2,6
1759867177.2417798,1759862204690,2,5,10
1759867182.240564,1759862199579,1,2,6
1759867182.240564,1759862204690,2,5,10
1759867187.233163,1759862199579,1,2,6
1759867187.233163,1759862204690,2,5,10
1759867192.2297735,1759862199579,1,2,6
1759867192.2297735,1759862204690,2,5,10
1759867197.678729,1759862199579,1,2,6
1759867197.678729,1759862204690,2,5,10
1759867202.6823933,1759862199579,1,2,6
1759867202.6823933,1759862204690,2,5,10
1759867207.6818147,1759862199579,1,2,6
1759867207.6818147,1759862204690,2,5,10
1759867212.6856623,1759862199579,1,2,6
1759867212.6856623,1759862204690,2,5,10
1759867217.6730955,1759862199579,1,2,6
1759867217.6730955,1759862204690,2,5,10
1759867222.686391,1759862199579,1,2,6
1759867222.686391,1759862204690,2,5,10
1759867227.6785934,1759862199579,1,2,6
1759867227.6785934,1759862204690,2,5,10
1759867232.680736,1759862199579,1,2,6
1759867232.680736,1759862204690,2,5,10
1759867237.676298,1759862199579,1,2,6
1759867237.676298,1759862204690,2,5,10
1759867242.6716368,1759862199579,1,2,6
1759867242.6716368,1759862204690,2,5,10
1759867247.6750126,1759862199579,1,2,6
1759867247.6750126,1759862204690,2,5,10
1759867252.678645,1759862199579,1,2,6
1759867252.678645,1759862204690,2,5,10
1759867257.67926,1759862199579,1,2,6
1759867257.67926,1759862204690,2,5,10
1759867262.6747618,1759862199579,1,2,6
1759867262.6747618,1759862204690,2,5,10
1759867288.6851306,1759862199579,1,2,6
1759867288.6851306,1759862204690,2,5,10
1759867348.6816237,1759862199579,1,2,6
1759867348.6816237,1759862204690,2,5,10
1759867408.6859944,1759862199579,1,2,6
1759867408.6859944,1759862204690,2,5,10
1759867468.6784835,1759862199579,1,2,6
1759867468.6784835,1759862204690,2,5,10
1759867528.6829352,1759862199579,1,2,6
1759867528.6829352,1759862204690,2,5,10
1759867588.6863496,1759862199579,1,2,6
1759867588.6863496,1759862204690,2,5,10
1759867670.961343,1759862199579,1,2,6
1759867670.961343,1759862204690,2,5,10
1759867745.5264804,1759862199579,1,2,6
1759867745.5264804,1759862204690,2,5,10
1759867747.9900656,1759862199579,1,2,6
1759867747.9900656,1759862204690,2,5,10
1759867754.1218045,1759862199579,1,2,6
1759867754.1218045,1759862204690,2,5,10
1759867757.7474294,1759862199579,1,2,6
1759867757.7474294,1759862204690,2,5,10
1759867762.924879,1759862199579,1,2,6
1759867762.924879,1759862204690,2,5,10
1759867837.5674932,1759862199579,1,2,6
1759867837.5674932,1759862204690,2,5,10
1759867862.3727276,1759862199579,1,2,3
1759867862.3727276,1759862204690,2,8,8
1759867866.8130608,1759862199579,1,5,5
1759867866.8130608,1759862204690,2,8,8
1759867871.5378945,1759862199579,1,2,5
1759867871.5378945,1759862204690,2,7,8
1759867876.5439923,1759862199579,1,2,5
1759867876.5439923,1759862204690,2,7,8
1759867881.7962139,1759862199579,1,2,5
1759867881.7962139,1759862204690,2,7,8
1759867886.5251648,1759862199579,1,2,5
1759867886.5251648,1759862204690,2,7,8
1759867891.528783,1759862199579,1,2,5
1759867891.528783,1759862204690,2,7,8
1759867933.1047788,1759862199579,1,2,5
1759867933.1047788,1759862204690,2,7,8
1759867936.523202,1759862199579,1,2,5
1759867936.523202,1759862204690,2,7,8
1759867941.6816998,1759862199579,1,2,5
1759867941.6816998,1759862204690,2,7,8
1759867946.6805742,1759862199579,1,2,5
1759867946.6805742,1759862204690,2,7,8
1759867966.9778311,1759862199579,1,2,5
1759867966.9778311,1759862204690,2,7,8
1759868006.546344,1759862199579,1,3,4
1759868006.546344,1759862204690,2,7,8
1759868011.4858348,1759862199579,1,3,5
1759868011.4858348,1759862204690,2,8,9
1759868016.4794827,1759862199579,1,2,5
1759868016.4794827,1759862204690,2,9,11
1759868021.4861434,1759862199579,1,2,5
1759868021.4861434,1759862204690,2,9,11
1759868026.4830136,1759862199579,1,2,5
1759868026.4830136,1759862204690,2,9,11
1759868031.492637,1759862199579,1,2,5
1759868031.492637,1759862204690,2,9,11
1759868036.4879563,1759862199579,1,2,5
1759868036.4879563,1759862204690,2,9,11
1759868041.4886332,1759862199579,1,2,5
1759868041.4886332,1759862204690,2,9,11
1759868046.4788957,1759862199579,1,2,5
1759868046.4788957,1759862204690,2,9,11
1759868051.4943151,1759862199579,1,2,5
1759868051.4943151,1759862204690,2,9,11
1759868056.4834886,1759862199579,1,2,5
1759868056.4834886,1759862204690,2,9,11
1759868130.726755,1759862199579,1,2,5
1759868130.726755,1759862204690,2,9,11
1759868131.4842772,1759862199579,1,2,5
1759868131.4842772,1759862204690,2,9,11
1759868147.609237,1759862199579,1,1,4
1759868147.609237,1759862204690,2,6,8
1759868152.589046,1759862199579,1,6,6
1759868152.589046,1759862204690,2,8,9
1759868157.577781,1759862199579,1,3,6
1759868157.577781,1759862204690,2,9,10
1759868162.57164,1759862199579,1,2,6
1759868162.57164,1759862204690,2,8,10
1759868167.5715275,1759862199579,1,2,6
1759868167.5715275,1759862204690,2,8,10
1759868172.5790813,1759862199579,1,2,6
1759868172.5790813,1759862204690,2,8,10
1759868177.583164,1759862199579,1,2,6
1759868177.583164,1759862204690,2,8,10
1759868182.5668752,1759862199579,1,2,6
1759868182.5668752,1759862204690,2,8,10
1759868187.567037,1759862199579,1,2,6
1759868187.567037,1759862204690,2,8,10
1759868192.5735881,1759862199579,1,2,6
1759868192.5735881,1759862204690,2,8,10
1759868197.5774243,1759862199579,1,2,6
1759868197.5774243,1759862204690,2,8,10
1759868214.3923142,1759862199579,1,2,6
1759868214.3923142,1759862204690,2,8,10
1759868217.6808894,1759862199579,1,2,6
1759868217.6808894,1759862204690,2,8,10
1759868222.6806667,1759862199579,1,2,6
1759868222.6806667,1759862204690,2,8,10
1759868235.5040934,1759862199579,1,2,6
1759868235.5040934,1759862204690,2,8,10
1759868647.57896,1759862199579,1,2,4
1759868647.57896,1759862204690,2,7,8
1759868652.5683792,1759862199579,1,2,4
1759868652.5683792,1759862204690,2,7,8
1759868657.5755844,1759862199579,1,2,4
1759868657.5755844,1759862204690,2,7,8
1759868662.5711777,1759862199579,1,2,4
1759868662.5711777,1759862204690,2,7,8
1759868667.5729258,1759862199579,1,2,4
1759868667.5729258,1759862204690,2,7,8
1759868672.5744536,1759862199579,1,2,4
1759868672.5744536,1759862204690,2,7,8
1759868756.1303172,1759862199579,1,2,4
1759868756.1303172,1759862204690,2,7,8
1759868757.562506,1759862199579,1,2,4
1759868757.562506,1759862204690,2,7,8
1759869059.3511057,1759862199579,1,0,0
1759869059.3511057,1759862204690,2,0,0
1759869064.3483536,1759862199579,1,0,0
1759869064.3483536,1759862204690,2,0,0
1759869069.3500936,1759862199579,1,0,0
1759869069.3500936,1759862204690,2,0,0
1759869074.3425415,1759862199579,1,0,0
1759869074.3425415,1759862204690,2,0,0
1759869079.3452523,1759862199579,1,0,0
1759869079.3452523,1759862204690,2,0,0
1759869084.3498743,1759862199579,1,0,0
1759869084.3498743,1759862204690,2,0,0
1759869089.674329,1759862199579,1,0,0
1759869089.674329,1759862204690,2,0,0
1759869094.6844232,1759862199579,1,0,0
1759869094.6844232,1759862204690,2,0,0
1759869099.6814125,1759862199579,1,0,0
1759869099.6814125,1759862204690,2,0,0
1759869104.6824474,1759862199579,1,0,0
1759869104.6824474,1759862204690,2,0,0
1759869109.6797924,1759862199579,1,0,0
1759869109.6797924,1759862204690,2,0,0
1759869114.685516,1759862199579,1,0,0
1759869114.685516,1759862204690,2,0,0
1759869119.680333,1759862199579,1,0,0
1759869119.680333,1759862204690,2,0,0
1759869148.680179,1759862199579,1,0,0
1759869148.680179,1759862204690,2,0,0
1759869208.6825955,1759862199579,1,0,0
1759869208.6825955,1759862204690,2,0,0
1759869268.6777158,1759862199579,1,0,0
1759869268.6777158,1759862204690,2,0,0
1759869328.6906264,1759862199579,1,0,0
1759869328.6906264,1759862204690,2,0,0
1759869388.676063,1759862199579,1,0,0
1759869388.676063,1759862204690,2,0,0
1759869448.6817448,1759862199579,1,0,0
1759869448.6817448,1759862204690,2,0,0
1759869478.9324732,1759862199579,1,0,0
1759869478.9324732,1759862204690,2,0,0
1759869479.3381534,1759862199579,1,0,0
1759869479.3381534,1759862204690,2,0,0
1759869491.118943,1759862199579,1,3,3
1759869491.118943,1759862204690,2,7,8
1759869496.1802704,1759862199579,1,2,6
1759869496.1802704,1759862204690,2,8,9
1759869501.1680992,1759862199579,1,3,6
1759869501.1680992,1759862204690,2,8,10
1759869506.1233478,1759862199579,1,3,6
1759869506.1233478,1759862204690,2,4,10
1759869840.311129,1759862199579,1,0,4
1759869840.311129,1759862204690,2,6,8
1759869861.3232853,1759862199579,1,3,3
1759869861.3232853,1759862204690,2,6,7
1759869866.2569642,1759862199579,1,1,4
1759869866.2569642,1759862204690,2,7,8
1759869871.2647672,1759862199579,1,3,4
1759869871.2647672,1759862204690,2,7,9
1759870072.3201516,1759862199579,1,3,4
1759870072.3201516,1759862204690,2,6,8
1759870077.355632,1759862199579,1,5,5
1759870077.355632,1759862204690,2,7,9
1759870082.3313687,1759862199579,1,2,6
1759870082.3313687,1759862204690,2,7,11
1759870102.5986876,1759862199579,1,2,4
1759870102.5986876,1759862204690,2,6,8
1759870107.5553424,1759862199579,1,4,6
1759870107.5553424,1759862204690,2,6,9
1759870112.5411928,1759862199579,1,3,6
1759870112.5411928,1759862204690,2,8,11
1759870117.5428977,1759862199579,1,1,6
1759870117.5428977,1759862204690,2,9,11
1759870122.5435073,1759862199579,1,1,6
1759870122.5435073,1759862204690,2,9,11
1759870127.5444567,1759862199579,1,1,6
1759870127.5444567,1759862204690,2,9,11
1759870132.538821,1759862199579,1,1,6
1759870132.538821,1759862204690,2,9,11
1759870137.5435488,1759862199579,1,1,6
1759870137.5435488,1759862204690,2,9,11
1759870142.539575,1759862199579,1,1,6
1759870142.539575,1759862204690,2,9,11
1759870147.5529892,1759862199579,1,1,6
1759870147.5529892,1759862204690,2,9,11
1759870152.5514238,1759862199579,1,1,6
1759870152.5514238,1759862204690,2,9,11
1759870157.6873193,1759862199579,1,1,6
1759870157.6873193,1759862204690,2,9,11
1759870162.538524,1759862199579,1,1,6
1759870162.538524,1759862204690,2,9,11
1759870306.726673,1759862199579,1,1,4
1759870306.726673,1759862204690,2,6,8
1759870311.6828792,1759862199579,1,4,5
1759870311.6828792,1759862204690,2,7,8
1759870373.1260204,1759862199579,1,2,4
1759870373.1260204,1759862204690,2,6,8
1759870781.5357926,1759862199579,1,3,4
1759870781.5357926,1759862204690,2,8,8
1759870786.4992158,1759862199579,1,3,6
1759870786.4992158,1759862204690,2,6,9
1759870806.0404189,1759862199579,1,3,4
1759870806.0404189,1759862204690,2,6,8
1759870811.0762584,1759862199579,1,4,6
1759870811.0762584,1759862204690,2,6,9
1759870816.0137525,1759862199579,1,2,6
1759870816.0137525,1759862204690,2,9,10
1759870821.050543,1759862199579,1,1,6
1759870821.050543,1759862204690,2,8,10
1759870826.0828297,1759862199579,1,3,6
1759870826.0828297,1759862204690,2,4,10
1759870831.0093622,1759862199579,1,2,6
1759870831.0093622,1759862204690,2,7,10
1759870836.0107548,1759862199579,1,2,6
1759870836.0107548,1759862204690,2,7,10
1759870841.0112448,1759862199579,1,2,6
1759870841.0112448,1759862204690,2,7,10
1759870846.0095477,1759862199579,1,2,6
1759870846.0095477,1759862204690,2,7,10
1759870851.0132105,1759862199579,1,2,6
1759870851.0132105,1759862204690,2,7,10
1759870856.015703,1759862199579,1,2,6
1759870856.015703,1759862204690,2,7,10
1759870861.0200899,1759862199579,1,2,6
1759870861.0200899,1759862204690,2,7,10
1759870866.686529,1759862199579,1,2,6
1759870866.686529,1759862204690,2,7,10
1759870871.6778991,1759862199579,1,2,6
1759870871.6778991,1759862204690,2,7,10
1759870876.1455061,1759862199579,1,2,6
1759870876.1455061,1759862204690,2,7,10
1759870881.671344,1759862199579,1,2,6
1759870881.671344,1759862204690,2,7,10
1759870886.6799114,1759862199579,1,2,6
1759870886.6799114,1759862204690,2,7,10
1759870891.6761308,1759862199579,1,2,6
1759870891.6761308,1759862204690,2,7,10
1759870896.6915967,1759862199579,1,2,6
1759870896.6915967,1759862204690,2,7,10
1759870901.674777,1759862199579,1,2,6
1759870901.674777,1759862204690,2,7,10
1759870906.6864393,1759862199579,1,2,6
1759870906.6864393,1759862204690,2,7,10
1759870911.67631,1759862199579,1,2,6
1759870911.67631,1759862204690,2,7,10
1759870916.680978,1759862199579,1,2,6
1759870916.680978,1759862204690,2,7,10
1759870921.6920133,1759862199579,1,2,6
1759870921.6920133,1759862204690,2,7,10
1759870926.6775546,1759862199579,1,2,6
1759870926.6775546,1759862204690,2,7,10
1759870931.6748428,1759862199579,1,2,6
1759870931.6748428,1759862204690,2,7,10
1759870936.6823459,1759862199579,1,2,6
1759870936.6823459,1759862204690,2,7,10
1759870948.6820598,1759862199579,1,2,6
1759870948.6820598,1759862204690,2,7,10
1759871003.7615728,1759862199579,1,2,6
1759871003.7615728,1759862204690,2,7,10
1759871006.0088034,1759862199579,1,2,6
1759871006.0088034,1759862204690,2,7,10
1759871011.0085862,1759862199579,1,2,6
1759871011.0085862,1759862204690,2,7,10
1759871016.0098321,1759862199579,1,2,6
1759871016.0098321,1759862204690,2,7,10
1759871021.0103323,1759862199579,1,2,6
1759871021.0103323,1759862204690,2,7,10
1759871026.0085046,1759862199579,1,2,6
1759871026.0085046,1759862204690,2,7,10
1759871031.0090983,1759862199579,1,2,6
1759871031.0090983,1759862204690,2,7,10
1759871036.0081236,1759862199579,1,2,6
1759871036.0081236,1759862204690,2,7,10
1759871041.0175755,1759862199579,1,2,6
1759871041.0175755,1759862204690,2,7,10
1759871052.099059,1759862199579,1,2,4
1759871052.099059,1759862204690,2,6,8
1759871057.15622,1759862199579,1,4,6
1759871057.15622,1759862204690,2,6,9
1759871062.1565611,1759862199579,1,2,6
1759871062.1565611,1759862204690,2,9,11
1759871067.0948403,1759862199579,1,0,6
1759871067.0948403,1759862204690,2,9,11
1759871072.111237,1759862199579,1,1,6
1759871072.111237,1759862204690,2,4,11
1759871077.1007662,1759862199579,1,2,6
1759871077.1007662,1759862204690,2,5,11
1759871082.0967946,1759862199579,1,2,6
1759871082.0967946,1759862204690,2,5,11
1759871087.0952048,1759862199579,1,2,6
1759871087.0952048,1759862204690,2,5,11
1759871092.1057413,1759862199579,1,2,6
1759871092.1057413,1759862204690,2,5,11
1759871097.1032314,1759862199579,1,2,6
1759871097.1032314,1759862204690,2,5,11
1759871102.0961351,1759862199579,1,2,6
1759871102.0961351,1759862204690,2,5,11
1759871107.0965493,1759862199579,1,2,6
1759871107.0965493,1759862204690,2,5,11
1759871112.1032119,1759862199579,1,2,6
1759871112.1032119,1759862204690,2,5,11
1759871117.0942898,1759862199579,1,2,6
1759871117.0942898,1759862204690,2,5,11
1759871122.1021273,1759862199579,1,2,6
1759871122.1021273,1759862204690,2,5,11
1759871127.0927567,1759862199579,1,2,6
1759871127.0927567,1759862204690,2,5,11
1759871132.0971925,1759862199579,1,2,6
1759871132.0971925,1759862204690,2,5,11
1759871137.1105278,1759862199579,1,2,6
1759871137.1105278,1759862204690,2,5,11
1759871142.1002524,1759862199579,1,2,6
1759871142.1002524,1759862204690,2,5,11
1759871147.6816938,1759862199579,1,2,6
1759871147.6816938,1759862204690,2,5,11
1759871152.6781335,1759862199579,1,2,6
1759871152.6781335,1759862204690,2,5,11
1759871157.7566037,1759862199579,1,2,6
1759871157.7566037,1759862204690,2,5,11
1759871162.674296,1759862199579,1,2,6
1759871162.674296,1759862204690,2,5,11
1759871167.6861737,1759862199579,1,2,6
1759871167.6861737,1759862204690,2,5,11
1759871172.910813,1759862199579,1,2,6
1759871172.910813,1759862204690,2,5,11
1759871177.6780617,1759862199579,1,2,6
1759871177.6780617,1759862204690,2,5,11
1759871182.6850235,1759862199579,1,2,6
1759871182.6850235,1759862204690,2,5,11
1759871187.679316,1759862199579,1,2,6
1759871187.679316,1759862204690,2,5,11
1759871192.6816664,1759862199579,1,2,6
1759871192.6816664,1759862204690,2,5,11
1759871197.6774592,1759862199579,1,2,6
1759871197.6774592,1759862204690,2,5,11
1759871202.6765358,1759862199579,1,2,6
1759871202.6765358,1759862204690,2,5,11
1759871248.6816785,1759862199579,1,2,6
1759871248.6816785,1759862204690,2,5,11
1759871308.6936784,1759862199579,1,2,6
1759871308.6936784,1759862204690,2,5,11
1759911898.6855605,1759862199579,1,1,3
1759911898.6855605,1759862204690,2,8,8
1759911903.681921,1759862199579,1,3,5
1759911903.681921,1759862204690,2,7,8
1759911909.3380954,1759862199579,1,3,4
1759911909.3380954,1759862204690,2,6,8
1759911915.3363156,1759862199579,1,1,4
1759911915.3363156,1759862204690,2,8,8
1759911924.9544363,1759862199579,1,3,4
1759911924.9544363,1759862204690,2,6,8
1759911929.9561174,1759862199579,1,4,4
1759911929.9561174,1759862204690,2,5,8
1759911934.9574182,1759862199579,1,4,4
1759911934.9574182,1759862204690,2,5,8
1759911939.961491,1759862199579,1,4,4
1759911939.961491,1759862204690,2,5,8
1759911944.952364,1759862199579,1,4,4
1759911944.952364,1759862204690,2,5,8
1759911949.964662,1759862199579,1,4,4
1759911949.964662,1759862204690,2,5,8
1759911954.9521296,1759862199579,1,4,4
1759911954.9521296,1759862204690,2,5,8
1759911959.9592535,1759862199579,1,4,4
1759911959.9592535,1759862204690,2,5,8
1759911964.9638584,1759862199579,1,4,4
1759911964.9638584,1759862204690,2,5,8
1759911969.952943,1759862199579,1,4,4
1759911969.952943,1759862204690,2,5,8
1759911974.9500933,1759862199579,1,4,4
1759911974.9500933,1759862204690,2,5,8
1759911980.9494672,1759862199579,1,4,4
1759911980.9494672,1759862204690,2,5,8
1759911985.9514365,1759862199579,1,4,4
1759911985.9514365,1759862204690,2,5,8
1759912012.9516475,1759862199579,1,4,4
1759912012.9516475,1759862204690,2,5,8
1759912014.9491692,1759862199579,1,4,4
1759912014.9491692,1759862204690,2,5,8
1759912019.9494715,1759862199579,1,4,4
1759912019.9494715,1759862204690,2,5,8
1759912025.7230854,1759862199579,1,1,4
1759912025.7230854,1759862204690,2,8,8
1759912030.7193265,1759862199579,1,4,6
1759912030.7193265,1759862204690,2,7,9
1759912035.7132945,1759862199579,1,2,6
1759912035.7132945,1759862204690,2,10,11
1759912040.6895902,1759862199579,1,1,6
1759912040.6895902,1759862204690,2,7,11
1759912045.6861527,1759862199579,1,1,6
1759912045.6861527,1759862204690,2,7,11
1759912050.6870017,1759862199579,1,1,6
1759912050.6870017,1759862204690,2,7,11
1759912055.6858838,1759862199579,1,1,6
1759912055.6858838,1759862204690,2,7,11
1759912060.6826508,1759862199579,1,1,6
1759912060.6826508,1759862204690,2,7,11
1759912068.8281326,1759862199579,1,3,4
1759912068.8281326,1759862204690,2,8,8
1759912076.8326342,1759862199579,1,2,4
1759912076.8326342,1759862204690,2,6,8
1759912081.8366516,1759862199579,1,2,4
1759912081.8366516,1759862204690,2,6,8
1759912086.8309479,1759862199579,1,2,4
1759912086.8309479,1759862204690,2,6,8
1759912091.8416684,1759862199579,1,2,4
1759912091.8416684,1759862204690,2,8,8
1759912096.83948,1759862199579,1,2,4
1759912096.83948,1759862204690,2,8,8
1759912101.8396852,1759862199579,1,2,4
1759912101.8396852,1759862204690,2,8,8
1759912106.855917,1759862199579,1,2,4
1759912106.855917,1759862204690,2,8,8
1759912111.831657,1759862199579,1,2,4
1759912111.831657,1759862204690,2,8,8
1759912116.8298297,1759862199579,1,2,4
1759912116.8298297,1759862204690,2,8,8
1759912122.5679827,1759862199579,1,3,4
1759912122.5679827,1759862204690,2,6,7
1759912127.5608275,1759862199579,1,3,4
1759912127.5608275,1759862204690,2,6,7
1759912132.5662348,1759862199579,1,3,4
1759912132.5662348,1759862204690,2,6,7
1759912137.5717688,1759862199579,1,3,4
1759912137.5717688,1759862204690,2,6,7
1759912177.6923382,1759862199579,1,1,4
1759912177.6923382,1759862204690,2,3,4
1759912182.7155895,1759862199579,1,1,4
1759912182.7155895,1759862204690,2,1,4
1759912188.4234312,1759862199579,1,1,4
1759912188.4234312,1759862204690,2,3,4
1759912193.4532607,1759862199579,1,1,4
1759912193.4532607,1759862204690,2,1,4
1759912198.4259832,1759862199579,1,2,4
1759912198.4259832,1759862204690,2,1,4
1759912203.3913977,1759862199579,1,2,4
1759912203.3913977,1759862204690,2,2,4
1759912208.3852968,1759862199579,1,2,4
1759912208.3852968,1759862204690,2,2,4
1759912213.3824098,1759862199579,1,2,4
1759912213.3824098,1759862204690,2,2,4
1759912218.382413,1759862199579,1,2,4
1759912218.382413,1759862204690,2,2,4
1759912279.4861927,1759862199579,1,2,4
1759912279.4861927,1759862204690,2,8,8
1759912285.9434702,1759862199579,1,1,4
1759912285.9434702,1759862204690,2,7,8
1759912290.9192097,1759862199579,1,3,6
1759912290.9192097,1759862204690,2,6,9
1759912295.9893732,1759862199579,1,2,6
1759912295.9893732,1759862204690,2,10,11
1759912300.964686,1759862199579,1,1,6
1759912300.964686,1759862204690,2,9,11
1759912305.916386,1759862199579,1,3,6
1759912305.916386,1759862204690,2,4,11
1759912314.4029074,1759862199579,1,1,4
1759912314.4029074,1759862204690,2,8,8
1759912319.3819432,1759862199579,1,3,6
1759912319.3819432,1759862204690,2,7,9
1759912324.4373407,1759862199579,1,2,6
1759912324.4373407,1759862204690,2,9,11
1759912329.39561,1759862199579,1,1,6
1759912329.39561,1759862204690,2,7,11
1759912334.3756862,1759862199579,1,1,6
1759912334.3756862,1759862204690,2,4,11
1759912342.935841,1759862199579,1,3,4
1759912342.935841,1759862204690,2,6,8
1759912348.0046706,1759862199579,1,3,6
1759912348.0046706,1759862204690,2,6,9
1759912352.9895954,1759862199579,1,2,6
1759912352.9895954,1759862204690,2,10,10
1759912357.9935327,1759862199579,1,1,6
1759912357.9935327,1759862204690,2,8,10
1759912362.9440303,1759862199579,1,1,6
1759912362.9440303,1759862204690,2,5,10
1759912367.9338322,1759862199579,1,1,6
1759912367.9338322,1759862204690,2,5,10
1759912372.9341304,1759862199579,1,1,6
1759912372.9341304,1759862204690,2,5,10
1759912377.9337234,1759862199579,1,1,6
1759912377.9337234,1759862204690,2,5,10
1759912382.948917,1759862199579,1,1,6
1759912382.948917,1759862204690,2,5,10
1759912387.9328213,1759862199579,1,1,6
1759912387.9328213,1759862204690,2,5,10
1759912392.9412394,1759862199579,1,1,6
1759912392.9412394,1759862204690,2,5,10
1759912397.9497228,1759862199579,1,1,6
1759912397.9497228,1759862204690,2,5,10
1759912402.9475281,1759862199579,1,1,6
1759912402.9475281,1759862204690,2,5,10
1759912407.944766,1759862199579,1,1,6
1759912407.944766,1759862204690,2,5,10
1759912412.937536,1759862199579,1,1,6
1759912412.937536,1759862204690,2,5,10
1759912417.9406435,1759862199579,1,1,6
1759912417.9406435,1759862204690,2,5,10
1759912422.9535115,1759862199579,1,1,6
1759912422.9535115,1759862204690,2,5,10
1759912427.9500499,1759862199579,1,1,6
1759912427.9500499,1759862204690,2,5,10
1759912432.9439585,1759862199579,1,1,6
1759912432.9439585,1759862204690,2,5,10
1759912442.9477634,1759862199579,1,1,6
1759912442.9477634,1759862204690,2,5,10
1759912454.886045,1759862199579,1,1,4
1759912454.886045,1759862204690,2,8,8
1759912462.7068584,1759862199579,1,1,4
1759912462.7068584,1759862204690,2,7,8
1759912467.7781687,1759862199579,1,3,6
1759912467.7781687,1759862204690,2,6,9
1759912472.7612493,1759862199579,1,2,6
1759912472.7612493,1759862204690,2,8,10
1759912491.890801,1759862199579,1,2,4
1759912491.890801,1759862204690,2,7,8
1759912496.8959394,1759862199579,1,2,4
1759912496.8959394,1759862204690,2,7,8
1759912501.878162,1759862199579,1,2,4
1759912501.878162,1759862204690,2,7,8
1759912506.8781664,1759862199579,1,2,4
1759912506.8781664,1759862204690,2,7,8
1759912511.8860135,1759862199579,1,2,4
1759912511.8860135,1759862204690,2,7,8
1759912516.8911314,1759862199579,1,2,4
1759912516.8911314,1759862204690,2,7,8
1759912521.8868911,1759862199579,1,2,4
1759912521.8868911,1759862204690,2,7,8
1759912526.8809557,1759862199579,1,2,4
1759912526.8809557,1759862204690,2,7,8
1759912531.8899305,1759862199579,1,2,4
1759912531.8899305,1759862204690,2,7,8
1759912536.8854532,1759862199579,1,2,4
1759912536.8854532,1759862204690,2,7,8
1759912541.877717,1759862199579,1,2,4
1759912541.877717,1759862204690,2,7,8
1759912546.8779838,1759862199579,1,2,4
1759912546.8779838,1759862204690,2,7,8
1759912551.8792095,1759862199579,1,2,4
1759912551.8792095,1759862204690,2,7,8
1759912556.877885,1759862199579,1,2,4
1759912556.877885,1759862204690,2,7,8
1759912561.8778665,1759862199579,1,2,4
1759912561.8778665,1759862204690,2,7,8
1759912566.8762836,1759862199579,1,2,4
1759912566.8762836,1759862204690,2,7,8
1759912571.8790762,1759862199579,1,2,4
1759912571.8790762,1759862204690,2,7,8
1759912576.8776822,1759862199579,1,2,4
1759912576.8776822,1759862204690,2,7,8
1759912581.879728,1759862199579,1,2,4
1759912581.879728,1759862204690,2,7,8
1759912586.8826678,1759862199579,1,2,4
1759912586.8826678,1759862204690,2,7,8
1759912591.8804765,1759862199579,1,2,4
1759912591.8804765,1759862204690,2,7,8
1759912596.8776765,1759862199579,1,2,4
1759912596.8776765,1759862204690,2,7,8
1759912601.8806372,1759862199579,1,2,4
1759912601.8806372,1759862204690,2,7,8
1759912606.8777564,1759862199579,1,2,4
1759912606.8777564,1759862204690,2,7,8
1759912611.8862529,1759862199579,1,2,4
1759912611.8862529,1759862204690,2,7,8
1759912616.8865414,1759862199579,1,2,4
1759912616.8865414,1759862204690,2,7,8
1759912621.881124,1759862199579,1,2,4
1759912621.881124,1759862204690,2,7,8
1759912626.877526,1759862199579,1,2,4
1759912626.877526,1759862204690,2,7,8
1759912631.880968,1759862199579,1,2,4
1759912631.880968,1759862204690,2,7,8
1759912636.8784807,1759862199579,1,2,4
1759912636.8784807,1759862204690,2,7,8
1759912641.8819292,1759862199579,1,2,4
1759912641.8819292,1759862204690,2,7,8
1759912646.8911939,1759862199579,1,2,4
1759912646.8911939,1759862204690,2,7,8
1759912651.8760655,1759862199579,1,2,4
1759912651.8760655,1759862204690,2,7,8
1759912656.8787582,1759862199579,1,2,4
1759912656.8787582,1759862204690,2,7,8
1759912661.8810618,1759862199579,1,2,4
1759912661.8810618,1759862204690,2,7,8
1759912666.8798947,1759862199579,1,2,4
1759912666.8798947,1759862204690,2,7,8
1759912671.877804,1759862199579,1,2,4
1759912671.877804,1759862204690,2,7,8
1759912676.8834038,1759862199579,1,2,4
1759912676.8834038,1759862204690,2,7,8
1759912681.8779018,1759862199579,1,2,4
1759912681.8779018,1759862204690,2,7,8
1759912686.8771665,1759862199579,1,2,4
1759912686.8771665,1759862204690,2,7,8
1759912691.877095,1759862199579,1,2,4
1759912691.877095,1759862204690,2,7,8
1759912696.8873303,1759862199579,1,2,4
1759912696.8873303,1759862204690,2,7,8
1759912701.8778255,1759862199579,1,2,4
1759912701.8778255,1759862204690,2,7,8
1759912706.8782482,1759862199579,1,2,4
1759912706.8782482,1759862204690,2,7,8
1759912711.8780062,1759862199579,1,2,4
1759912711.8780062,1759862204690,2,7,8
1759912716.8848534,1759862199579,1,2,4
1759912716.8848534,1759862204690,2,7,8
1759912721.8819408,1759862199579,1,2,4
1759912721.8819408,1759862204690,2,7,8
1759912726.8793206,1759862199579,1,2,4
1759912726.8793206,1759862204690,2,7,8
1759912731.8784223,1759862199579,1,2,4
1759912731.8784223,1759862204690,2,7,8
1759912736.876232,1759862199579,1,2,4
1759912736.876232,1759862204690,2,7,8
1759912741.878286,1759862199579,1,2,4
1759912741.878286,1759862204690,2,7,8
1759912746.8778894,1759862199579,1,2,4
1759912746.8778894,1759862204690,2,7,8
1759912751.8812265,1759862199579,1,2,4
1759912751.8812265,1759862204690,2,7,8
1759912756.878415,1759862199579,1,2,4
1759912756.878415,1759862204690,2,7,8
1759912761.8774827,1759862199579,1,2,4
1759912761.8774827,1759862204690,2,7,8
1759912766.8788235,1759862199579,1,2,4
1759912766.8788235,1759862204690,2,7,8
1759912771.877828,1759862199579,1,2,4
1759912771.877828,1759862204690,2,7,8
1759912776.8788617,1759862199579,1,2,4
1759912776.8788617,1759862204690,2,7,8
1759912781.8800619,1759862199579,1,2,4
1759912781.8800619,1759862204690,2,7,8
1759912786.8768167,1759862199579,1,2,4
1759912786.8768167,1759862204690,2,7,8
1759912791.887109,1759862199579,1,2,4
1759912791.887109,1759862204690,2,7,8
1759912796.8769364,1759862199579,1,2,4
1759912796.8769364,1759862204690,2,7,8
1759912801.8799431,1759862199579,1,2,4
1759912801.8799431,1759862204690,2,7,8
1759912806.8773496,1759862199579,1,2,4
1759912806.8773496,1759862204690,2,7,8
1759912811.8771486,1759862199579,1,2,4
1759912811.8771486,1759862204690,2,7,8
1759912816.8836358,1759862199579,1,2,4
1759912816.8836358,1759862204690,2,7,8
1759912821.8777971,1759862199579,1,2,4
1759912821.8777971,1759862204690,2,7,8
1759912826.8800151,1759862199579,1,2,4
1759912826.8800151,1759862204690,2,7,8
1759912831.8877883,1759862199579,1,2,4
1759912831.8877883,1759862204690,2,7,8
1759912836.9530342,1759862199579,1,2,4
1759912836.9530342,1759862204690,2,7,8
1759912936.1583622,1759862199579,1,2,4
1759912936.1583622,1759862204690,2,7,8
1759912936.8844113,1759862199579,1,2,4
1759912936.8844113,1759862204690,2,7,8
1759912946.5631864,1759862199579,1,1,4
1759912946.5631864,1759862204690,2,7,8
1759912951.5604377,1759862199579,1,1,4
1759912951.5604377,1759862204690,2,7,8
1759912956.5656505,1759862199579,1,1,4
1759912956.5656505,1759862204690,2,7,8
1759912961.562948,1759862199579,1,1,4
1759912961.562948,1759862204690,2,7,8
1759912966.5719926,1759862199579,1,1,4
1759912966.5719926,1759862204690,2,7,8
1759912971.5686545,1759862199579,1,1,4
1759912971.5686545,1759862204690,2,7,8
1759913356.3141847,1759862199579,1,1,4
1759913356.3141847,1759862204690,2,7,8
1759913361.2749891,1759862199579,1,4,6
1759913361.2749891,1759862204690,2,6,9
1759913366.2756882,1759862199579,1,2,6
1759913366.2756882,1759862204690,2,9,11
1759913371.2737868,1759862199579,1,1,6
1759913371.2737868,1759862204690,2,9,11
1759913376.2724805,1759862199579,1,3,6
1759913376.2724805,1759862204690,2,4,11
1759913381.281769,1759862199579,1,2,6
1759913381.281769,1759862204690,2,7,11
1759913386.2800925,1759862199579,1,2,6
1759913386.2800925,1759862204690,2,7,11
1759913391.2756197,1759862199579,1,2,6
1759913391.2756197,1759862204690,2,7,11
1759913396.2740085,1759862199579,1,2,6
1759913396.2740085,1759862204690,2,7,11
1759913401.2679071,1759862199579,1,2,6
1759913401.2679071,1759862204690,2,7,11
1759913604.4920695,1759862199579,1,3,4
1759913604.4920695,1759862204690,2,7,8
1759913609.5245554,1759862199579,1,3,6
1759913609.5245554,1759862204690,2,6,9
1759913614.527525,1759862199579,1,2,6
1759913614.527525,1759862204690,2,9,11
1759913619.5063136,1759862199579,1,1,6
1759913619.5063136,1759862204690,2,9,11
1759913624.4953578,1759862199579,1,2,6
1759913624.4953578,1759862204690,2,5,11
1759913629.4993825,1759862199579,1,2,6
1759913629.4993825,1759862204690,2,5,11
1759913634.4934263,1759862199579,1,2,6
1759913634.4934263,1759862204690,2,5,11
1759913798.156621,1759862199579,1,1,4
1759913798.156621,1759862204690,2,7,8
1759913803.2070096,1759862199579,1,3,6
1759913803.2070096,1759862204690,2,7,8
1759913961.3819666,1759862199579,1,2,4
1759913961.3819666,1759862204690,2,8,8
1759913966.4472237,1759862199579,1,4,5
1759913966.4472237,1759862204690,2,6,9
1759913971.4622562,1759862199579,1,2,5
1759913971.4622562,1759862204690,2,9,10
1759913976.3841722,1759862199579,1,1,5
1759913976.3841722,1759862204690,2,8,10
1759913984.172601,1759862199579,1,3,4
1759913984.172601,1759862204690,2,7,8
1759913989.2270002,1759862199579,1,5,6
1759913989.2270002,1759862204690,2,6,9
1759913994.1576273,1759862199579,1,2,6
1759913994.1576273,1759862204690,2,9,11
1759913999.1641746,1759862199579,1,1,6
1759913999.1641746,1759862204690,2,8,11
1759914006.3897982,1759862199579,1,1,4
1759914006.3897982,1759862204690,2,8,8
1759914011.36071,1759862199579,1,3,6
1759914011.36071,1759862204690,2,6,9
1759914016.3881536,1759862199579,1,2,6
1759914016.3881536,1759862204690,2,10,11
1759914023.8855338,1759862199579,1,1,4
1759914023.8855338,1759862204690,2,8,8
1759914028.8901272,1759862199579,1,3,6
1759914028.8901272,1759862204690,2,6,9
1759914033.8977065,1759862199579,1,3,6
1759914033.8977065,1759862204690,2,8,10
1759914038.8851528,1759862199579,1,3,6
1759914038.8851528,1759862204690,2,8,10
1759914043.8867607,1759862199579,1,3,6
1759914043.8867607,1759862204690,2,8,10
1759914048.8864143,1759862199579,1,3,6
1759914048.8864143,1759862204690,2,8,10
1759914053.8980572,1759862199579,1,3,6
1759914053.8980572,1759862204690,2,8,10
1759914058.8850508,1759862199579,1,3,6
1759914058.8850508,1759862204690,2,8,10
1759914063.8901622,1759862199579,1,3,6
1759914063.8901622,1759862204690,2,8,10
1759914068.8918731,1759862199579,1,3,6
1759914068.8918731,1759862204690,2,8,10
1759914073.8824291,1759862199579,1,3,6
1759914073.8824291,1759862204690,2,8,10
1759914081.3828404,1759862199579,1,3,4
1759914081.3828404,1759862204690,2,6,8
1759914086.4095154,1759862199579,1,3,6
1759914086.4095154,1759862204690,2,6,9
1759914091.3691814,1759862199579,1,3,6
1759914091.3691814,1759862204690,2,9,11
1759914096.381286,1759862199579,1,0,6
1759914096.381286,1759862204690,2,9,11
1759914101.4227624,1759862199579,1,3,6
1759914101.4227624,1759862204690,2,5,11
1759914106.3501515,1759862199579,1,2,6
1759914106.3501515,1759862204690,2,5,11
1759914111.3521202,1759862199579,1,2,6
1759914111.3521202,1759862204690,2,5,11
1759914116.364237,1759862199579,1,2,6
1759914116.364237,1759862204690,2,5,11
1759914121.3558104,1759862199579,1,2,6
1759914121.3558104,1759862204690,2,5,11
1759914126.3544695,1759862199579,1,2,6
1759914126.3544695,1759862204690,2,5,11
1759914131.3626964,1759862199579,1,2,6
1759914131.3626964,1759862204690,2,5,11
1759914136.4467263,1759862199579,1,2,6
1759914136.4467263,1759862204690,2,5,11
1759914143.0396633,1759862199579,1,3,4
1759914143.0396633,1759862204690,2,7,8
1759914148.102336,1759862199579,1,3,6
1759914148.102336,1759862204690,2,6,9
1759914153.0691237,1759862199579,1,2,6
1759914153.0691237,1759862204690,2,9,10
1759914158.0816078,1759862199579,1,1,6
1759914158.0816078,1759862204690,2,9,10
1759914163.0376556,1759862199579,1,0,6
1759914163.0376556,1759862204690,2,6,10
1759914168.0477593,1759862199579,1,0,6
1759914168.0477593,1759862204690,2,6,10
1759914173.0490668,1759862199579,1,0,6
1759914173.0490668,1759862204690,2,6,10
1759914178.044075,1759862199579,1,0,6
1759914178.044075,1759862204690,2,6,10
1759914183.041932,1759862199579,1,0,6
1759914183.041932,1759862204690,2,6,10
1759914188.122087,1759862199579,1,0,6
1759914188.122087,1759862204690,2,6,10
1759914193.130538,1759862199579,1,0,6
1759914193.130538,1759862204690,2,6,10
1759914198.9439454,1759862199579,1,0,6
1759914198.9439454,1759862204690,2,6,10
1759914203.9470563,1759862199579,1,0,6
1759914203.9470563,1759862204690,2,6,10
1759914208.9522078,1759862199579,1,0,6
1759914208.9522078,1759862204690,2,6,10
1759914213.947403,1759862199579,1,0,6
1759914213.947403,1759862204690,2,6,10
1759914218.9478395,1759862199579,1,0,6
1759914218.9478395,1759862204690,2,6,10
1759914223.949878,1759862199579,1,0,6
1759914223.949878,1759862204690,2,6,10
1759914228.9564095,1759862199579,1,0,6
1759914228.9564095,1759862204690,2,6,10
1759914233.9886813,1759862199579,1,0,6
1759914233.9886813,1759862204690,2,6,10
1759914238.9564621,1759862199579,1,0,6
1759914238.9564621,1759862204690,2,6,10
1759914263.1662295,1759862199579,1,0,6
1759914263.1662295,1759862204690,2,6,10
1759914288.9809837,1759862199579,1,1,4
1759914288.9809837,1759862204690,2,8,8
1759914293.98751,1759862199579,1,3,6
1759914293.98751,1759862204690,2,7,9
1759914298.9144764,1759862199579,1,3,6
1759914298.9144764,1759862204690,2,8,9
1759914303.9113572,1759862199579,1,3,6
1759914303.9113572,1759862204690,2,8,9
1759914308.9243393,1759862199579,1,3,6
1759914308.9243393,1759862204690,2,4,9
1759914313.9128945,1759862199579,1,2,6
1759914313.9128945,1759862204690,2,6,9
1759914321.787402,1759862199579,1,1,3
1759914321.787402,1759862204690,2,7,8
1759914326.7899182,1759862199579,1,4,4
1759914326.7899182,1759862204690,2,7,8
1759914331.79653,1759862199579,1,4,4
1759914331.79653,1759862204690,2,7,8
1759914348.7176745,1759862199579,1,1,4
1759914348.7176745,1759862204690,2,7,8
1759914353.6742601,1759862199579,1,4,6
1759914353.6742601,1759862204690,2,7,8
1759914358.7089994,1759862199579,1,2,6
1759914358.7089994,1759862204690,2,9,10
1759914363.6738613,1759862199579,1,1,6
1759914363.6738613,1759862204690,2,9,10
1759914368.7586904,1759862199579,1,3,6
1759914368.7586904,1759862204690,2,6,10
1759914390.2931428,1759862199579,1,3,4
1759914390.2931428,1759862204690,2,7,8
1759914400.4547417,1759862199579,1,2,4
1759914400.4547417,1759862204690,2,8,8
1759914405.5518892,1759862199579,1,3,5
1759914405.5518892,1759862204690,2,7,9
1759914410.512963,1759862199579,1,2,5
1759914410.512963,1759862204690,2,10,10
1759914415.4563804,1759862199579,1,2,5
1759914415.4563804,1759862204690,2,9,10
1759914420.4565532,1759862199579,1,2,5
1759914420.4565532,1759862204690,2,9,10
1759914425.4455507,1759862199579,1,2,5
1759914425.4455507,1759862204690,2,9,10
1759914430.4628084,1759862199579,1,2,5
1759914430.4628084,1759862204690,2,9,10
1759914435.4594774,1759862199579,1,2,5
1759914435.4594774,1759862204690,2,9,10
1759914440.4592216,1759862199579,1,2,5
1759914440.4592216,1759862204690,2,9,10
1759914449.0688515,1759862199579,1,2,4
1759914449.0688515,1759862204690,2,8,8
1759914454.042214,1759862199579,1,3,6
1759914454.042214,1759862204690,2,6,9
1759914459.0095656,1759862199579,1,3,6
1759914459.0095656,1759862204690,2,9,11
1759914464.0041554,1759862199579,1,2,6
1759914464.0041554,1759862204690,2,8,11
1759914468.995266,1759862199579,1,2,6
1759914468.995266,1759862204690,2,8,11
1759914473.9900064,1759862199579,1,2,6
1759914473.9900064,1759862204690,2,8,11
1759914479.0003374,1759862199579,1,2,6
1759914479.0003374,1759862204690,2,8,11
1759914484.0049682,1759862199579,1,2,6
1759914484.0049682,1759862204690,2,8,11
1759914488.9980822,1759862199579,1,2,6
1759914488.9980822,1759862204690,2,8,11
1759914494.0041265,1759862199579,1,2,6
1759914494.0041265,1759862204690,2,8,11
1759914499.0044556,1759862199579,1,2,6
1759914499.0044556,1759862204690,2,8,11
1759914504.9535449,1759862199579,1,2,6
1759914504.9535449,1759862204690,2,8,11
1759914509.945267,1759862199579,1,2,6
1759914509.945267,1759862204690,2,8,11
1759914517.6027455,1759862199579,1,3,3
1759914517.6027455,1759862204690,2,6,6
1759914526.7149484,1759862199579,1,1,4
1759914526.7149484,1759862204690,2,7,8
1759914531.7176096,1759862199579,1,5,5
1759914531.7176096,1759862204690,2,8,8
1759914536.7911432,1759862199579,1,2,5
1759914536.7911432,1759862204690,2,9,10
1759914541.7168806,1759862199579,1,2,5
1759914541.7168806,1759862204690,2,10,10
1759914546.7120326,1759862199579,1,2,5
1759914546.7120326,1759862204690,2,10,10
1759914551.708772,1759862199579,1,2,5
1759914551.708772,1759862204690,2,10,10
1759914585.3368578,1759862199579,1,2,2
1759914585.3368578,1759862204690,2,6,6
1759914590.332183,1759862199579,1,2,2
1759914590.332183,1759862204690,2,6,6
1759914595.3278894,1759862199579,1,2,3
1759914595.3278894,1759862204690,2,9,9
1759914600.327077,1759862199579,1,2,3
1759914600.327077,1759862204690,2,9,9
1759914605.3340492,1759862199579,1,2,3
1759914605.3340492,1759862204690,2,9,9
1759914610.336244,1759862199579,1,2,3
1759914610.336244,1759862204690,2,9,9
1759914615.3263702,1759862199579,1,2,3
1759914615.3263702,1759862204690,2,9,9
1759914620.3389344,1759862199579,1,2,3
1759914620.3389344,1759862204690,2,9,9
1759914633.041562,1759862199579,1,0,0
1759914633.041562,1759862204690,2,0,0
1759914647.5562844,1759862199579,1,2,3
1759914647.5562844,1759862204690,2,6,8
1759914652.5522044,1759862199579,1,3,4
1759914652.5522044,1759862204690,2,7,8
1759914657.54853,1759862199579,1,3,4
1759914657.54853,1759862204690,2,7,8
1759914662.5445483,1759862199579,1,3,4
1759914662.5445483,1759862204690,2,7,8
1759914667.5500686,1759862199579,1,3,4
1759914667.5500686,1759862204690,2,5,8
1759914675.9281619,1759862199579,1,2,4
1759914675.9281619,1759862204690,2,7,7
1759914680.9972048,1759862199579,1,3,4
1759914680.9972048,1759862204690,2,6,9
1759914687.2536712,1759862199579,1,1,3
1759914687.2536712,1759862204690,2,8,8
1759914707.6624653,1759862199579,1,0,0
1759914707.6624653,1759862204690,2,0,0
1759914712.6638062,1759862199579,1,0,0
1759914712.6638062,1759862204690,2,0,0
1759914721.1592019,1759862199579,1,0,0
1759914721.1592019,1759862204690,2,0,0
1759914729.555848,1759862199579,1,1,3
1759914729.555848,1759862204690,2,8,8
1759914734.5825403,1759862199579,1,5,6
1759914734.5825403,1759862204690,2,6,9
1759914739.5273767,1759862199579,1,2,6
1759914739.5273767,1759862204690,2,8,10
1759914751.5177586,1759862199579,1,3,3
1759914751.5177586,1759862204690,2,8,8
1759914757.485668,1759862199579,1,1,3
1759914757.485668,1759862204690,2,8,8
1759914762.43806,1759862199579,1,5,6
1759914762.43806,1759862204690,2,8,9
1759914767.442139,1759862199579,1,5,6
1759914767.442139,1759862204690,2,8,9
1759914772.434307,1759862199579,1,5,6
1759914772.434307,1759862204690,2,8,9
1759914777.4335535,1759862199579,1,5,6
1759914777.4335535,1759862204690,2,8,9
1759914782.454249,1759862199579,1,5,6
1759914782.454249,1759862204690,2,8,9
1759914787.4338918,1759862199579,1,5,6
1759914787.4338918,1759862204690,2,8,9
1759914793.119096,1759862199579,1,1,4
1759914793.119096,1759862204690,2,7,8
1759914798.1267595,1759862199579,1,1,4
1759914798.1267595,1759862204690,2,7,8
1759914803.1169746,1759862199579,1,1,4
1759914803.1169746,1759862204690,2,7,8
1759914808.1306117,1759862199579,1,1,4
1759914808.1306117,1759862204690,2,7,8
1759914816.4138904,1759862199579,1,0,4
1759914816.4138904,1759862204690,2,6,7
1759914821.4113712,1759862199579,1,0,4
1759914821.4113712,1759862204690,2,6,7
1759914826.4076881,1759862199579,1,0,4
1759914826.4076881,1759862204690,2,6,7
1759914831.5470006,1759862199579,1,1,4
1759914831.5470006,1759862204690,2,7,8
1759914836.4651866,1759862199579,1,3,4
1759914836.4651866,1759862204690,2,6,8
1759914841.3976307,1759862199579,1,2,4
1759914841.3976307,1759862204690,2,6,8
1759914846.4004064,1759862199579,1,2,4
1759914846.4004064,1759862204690,2,6,8
1759914851.4084923,1759862199579,1,2,4
1759914851.4084923,1759862204690,2,6,8
1759914856.3998244,1759862199579,1,2,4
1759914856.3998244,1759862204690,2,6,8
1759914861.4031937,1759862199579,1,2,4
1759914861.4031937,1759862204690,2,6,8
1759914866.4075754,1759862199579,1,2,4
1759914866.4075754,1759862204690,2,6,8
1759914871.9482358,1759862199579,1,2,4
1759914871.9482358,1759862204690,2,6,8
1759914876.9558263,1759862199579,1,2,4
1759914876.9558263,1759862204690,2,6,8
1759914881.9460235,1759862199579,1,2,4
1759914881.9460235,1759862204690,2,6,8
